,dimension,term,dir,examples,example_source,synset,definition
0,Sociability,sociability,high,['her lively sociability complemented his reserved nature'],Oxford Learner's Dictionary,sociability.n.01,the relative tendency or disposition to be sociable or associate with one's fellows
1,Sociability,unsociability,low,"['His manner had lost its rough unsociability he talked to her readily', 'Should we think of headphones, then, as just another emblem of catastrophic social decline, a tool that edges us even deeper into narcissism, solipsism, vast unsociability']",Books and Articles,unsociability.n.01,an unsociable disposition; avoiding friendship or companionship
2,Sociability,sociable,high,"['a sociable occasion', 'enjoyed a sociable chat', 'a sociable conversation', 'americans are sociable and gregarious']",WordNet,sociable.a.01,inclined to or conducive to companionship with others
3,Sociability,unsociable,low,"['an unsociable nature...shy and reserved', 'generally unsociable except with intimate friends', 'unsociable behavior', 'an unsociable neighborhood']",WordNet,unsociable.a.01,not inclined to society or companionship
4,Sociability,friendliness,high,"['we were greeted with warmth and friendliness', 'her sudden friendliness towards him was unsettling']",Oxford Learner's Dictionary,friendliness.n.01,a feeling of liking for another person; enjoyment in their company
5,Sociability,friendliness,high,['the friendliness of its relations with the other villages'],Oxford Learner's Dictionary,friendliness.n.02,a friendly disposition
6,Sociability,unfriendliness,low,['We were shocked by the unfriendliness of the staff'],Oxford Learner's Dictionary,unfriendliness.n.01,dislike experienced as an absence of friendliness
7,Sociability,unfriendliness,low,"['He was received with suspicion and unfriendliness', 'He had shown incompetence, unfriendliness, and an excessive willingness to lead his group into danger']",Oxford Learner's Dictionary,unfriendliness.n.02,an unfriendly disposition
8,Sociability,friendly,high,"['friendly advice', 'a friendly neighborhood', 'the only friendly person here', 'a friendly host and hostess']",WordNet,friendly.a.01,characteristic of or befitting a friend
9,Sociability,friendly,high,"['a government friendly to our interests', 'a friendly agreement']",WordNet,friendly.s.02,inclined to help or support; not antagonistic or hostile
10,Sociability,unfriendly,low,"['an unfriendly coldness of manner', 'an unfriendly action to take']",WordNet,unfriendly.a.02,not disposed to friendship or friendliness
11,Sociability,unfriendly,low,"['an unfriendly act of aggression', 'an unfriendly critic']",WordNet,unfriendly.s.03,not friendly
12,Sociability,cold,low,"['a cold unfriendly nod', 'a cold and unaffectionate person', 'a cold impersonal manner', 'cold logic', 'the concert left me cold']",WordNet,cold.a.02,extended meanings; especially of psychological coldness; without human warmth or emotion
13,Sociability,coldness,low,['a distressing coldness of tone and manner'],WordNet,coldness.n.02,a lack of affection or enthusiasm
14,Sociability,warm,high,"['a warm greeting', 'a warm personality', 'warm support']",WordNet,warm.a.02,psychologically warm; friendly and responsive
15,Sociability,warmth,high,"['They were touched by the warmth of the welcome', 'His expression lacked warmth or encouragement']",Oxford Learner's Dictionary,warmheartedness.n.01,a warmhearted feeling
16,Sociability,warmth,high,"['she seems to be a person without human warmth', 'Her warmth and kindness made her universally liked']",Oxford Learner's Dictionary,affectionateness.n.02,a quality proceeding from feelings of affection or love
17,Sociability,likable,high,['the likable characters in the play'],WordNet,sympathetic.a.04,(of characters in literature or drama) evoking empathic or sympathetic feelings
18,Sociability,likable,high,['an attractive and likable young man'],WordNet,likable.s.02,easy to like; agreeable
19,Sociability,repellent,low,"['he became repellent and prickly and spiteful', 'i find his obsequiousness repellent']",WordNet,rebarbative.s.01,serving or tending to repel
20,Sociability,pleasant,high,"[""i didn't enjoy it and probably wasn't a pleasant person to be around""]",WordNet,pleasant.s.02,(of persons) having pleasing manners or behavior
21,Sociability,unpleasant,low,"['an unpleasant personality', 'unpleasant repercussions', 'unpleasant odors']",WordNet,unpleasant.a.01,"disagreeable to the senses, to the mind, or feelings"
22,Sociability,unlikable,low,['all the characters were peculiarly unlikable'],WordNet,unsympathetic.a.02,(of characters in literature or drama) tending to evoke antipathetic feelings
23,Sociability,unlikable,low,['a disagreeable and unlikable old woman'],WordNet,unlikable.s.02,difficult or impossible to like
24,Sociability,liked,high,['a well liked teacher'],WordNet,liked.a.01,found pleasant or attractive; often used as a combining form
25,Sociability,disliked,low,['he was intensely disliked'],WordNet,disliked.a.01,regarded with aversion
26,Sociability,outgoing,high,"['an outgoing personality', 'She was always cheerful and outgoing.', 'I’ve become more confident and outgoing.']",Oxford Learner's Dictionary,extroverted.s.02,at ease in talking to others
27,Sociability,shy,low,"['stood in the doorway shy and abashed', 'problems that call for bold not shy responses', 'a very shy young man']",WordNet,diffident.a.02,lacking self-confidence
28,Sociability,sensitive,high,['sensitive to the local community and its needs'],WordNet,sensitive.a.02,"being susceptible to the attitudes, feelings, or circumstances of others"
29,Sociability,insensitive,low,['insensitive to the needs of the patients'],WordNet,insensitive.a.02,deficient in human sensibility; not mentally or morally sensitive
30,Sociability,affectionate,high,"['affectionate children', 'an affectionate embrace', 'an affectionate glance', 'an affectionate embrace']",WordNet,affectionate.s.01,having or displaying warmth or affection
31,Sociability,unaffectionate,low,['an unaffectionate person'],WordNet,detached.s.05,lacking affection or warm feeling
32,Sociability,distant,low,"['stood apart with distant dignity', 'a distant smile', 'he was distant with strangers']",WordNet,aloof.s.01,remote in manner
33,Sociability,unreserved,high,['unreserved behavior'],WordNet,unreserved.a.02,not cautious or reticent
34,Sociability,open,high,"['his open eyes', 'an open and trusting nature', 'an open talk']",WordNet,candid.s.03,openly straightforward and direct without reserve or secretiveness
35,Sociability,caring,high,['caring friends'],WordNet,caring.s.01,feeling and exhibiting concern and empathy for others
36,Sociability,uncaring,low,['an uncaring person'],WordNet,detached.s.05,lacking affection or warm feeling
37,Sociability,sympathetic,high,"[""sympathetic to the students' cause"", 'a sympathetic observer', 'a sympathetic gesture']",WordNet,sympathetic.a.02,expressing or feeling or resulting from sympathy or compassion or friendly fellow feelings; disposed toward
38,Sociability,sympathetic,high,"['was sympathetic in his opinions of others', 'sympathetic criticism', 'a sympathetic act', 'sympathetic words', 'a sympathetic mentor']",WordNet,charitable.s.03,showing or motivated by sympathy and understanding and generosity
39,Sociability,sympathetic,high,['the sympathetic characters in the play'],WordNet,sympathetic.a.04,(of characters in literature or drama) evoking empathic or sympathetic feelings
40,Sociability,unsympathetic,low,['all the characters were peculiarly unsympathetic'],WordNet,unsympathetic.a.02,(of characters in literature or drama) tending to evoke antipathetic feelings
41,Sociability,unsympathetic,low,['unsympathetic ancts'],WordNet,unkindly.s.01,lacking in sympathy and kindness
42,Sociability,sympathy,high,['the two of them were in close sympathy'],WordNet,sympathy.n.03,a relation of affinity or harmony between people; whatever affects one correspondingly affects the other
43,Sociability,helpful,high,"['Thank you for all your helpful suggestions.', 'It would be more helpful for me to try to do it myself.', 'Here are some helpful hints for successful revision.', 'Our host gave us some helpful tips on how to behave.']",Oxford Learner's Dictionary,helpful.a.01,providing assistance or serving a useful function
44,Sociability,unhelpful,low,"['an unhelpful response', 'The taxi driver was being very unhelpful.']",Oxford Learner's Dictionary,unhelpful.a.01,providing no assistance
45,Sociability,understanding,high,['an understanding friend'],WordNet,understanding.s.01,characterized by understanding based on comprehension and discernment and empathy
46,Sociability,supportive,high,"['a supportive family network', 'his family was supportive of his attempts to be a writer']",WordNet,supportive.a.01,furnishing support or assistance
47,Sociability,unsupportive,low,"['You certainly couldn\'t accuse him of being unsupportive', 'You might even be grateful for it, because these people sound very demanding and unsupportive']",Books and Articles,unsupportive.a.01,not furnishing support or assistance
48,Sociability,polite,high,"['Our waiter was very polite and helpful.', 'Please be polite to our guests.']",Oxford Learner's Dictionary,polite.a.01,"showing regard for others in manners, speech, behavior, etc."
49,Sociability,impolite,low,"['Some people think it is impolite to ask someone\'s age.', 'Smoking in public places is considered impolite.', 'Refusing to eat what was offered would be impolite.']",Oxford Learner's Dictionary,impolite.a.01,not polite
50,Sociability,aloof,low,"['stood apart with aloof dignity', 'an aloof smile', 'he was aloof with strangers']",WordNet,aloof.s.01,remote in manner
51,Sociability,civil,high,"[""even if he didn't like them he should have been civil""]",WordNet,civil.a.02,not rude; marked by satisfactory (or especially minimal) adherence to social usages and sufficient but not noteworthy consideration for others; - W.S. Maugham
52,Sociability,rude,low,['resentment flared at such a rude intrusion'],WordNet,ill-mannered.s.01,socially incorrect in behavior
53,Sociability,antisocial,low,"['standoffish and antisocial', ""he's not antisocial; just shy""]",WordNet,antisocial.s.01,shunning contact with others
54,Sociability,antisocial,low,"['criminal behavior or conduct that violates the rights of other individuals is antisocial', 'crimes...and other antisocial behavior', 'an antisocial deed']",WordNet,antisocial.s.02,hostile to or disruptive of normal standards of social behavior
55,Sociability,social,high,"['a purely social club', 'the church has a large social hall', 'a social director']",WordNet,social.s.04,composed of sociable people or formed for the purpose of sociability
56,Sociability,social,high,['ants are social insects'],WordNet,social.s.05,tending to move or live together in groups or colonies of the same kind
57,Sociability,social,high,['a social cup of coffee'],WordNet,social.s.06,marked by friendly companionship with others
58,Sociability,unsocial,low,"[""the unsocial disposition to neglect one's neighbors""]",WordNet,unsocial.a.01,not seeking or given to association; being or living without companions
59,Sociability,asocial,low,"['bears are asocial secretive animals', 'are you asocial or do you just enjoy living in the antarctic?']",WordNet,asocial.s.01,given to avoiding association with others
60,Sociability,asocial,low,"['criminal behavior or conduct that violates the rights of other individuals is asocial', 'crimes...and other asocial behavior', 'an asocial deed']",WordNet,antisocial.s.02,hostile to or disruptive of normal standards of social behavior
61,Sociability,humorous,high,"['humorous stories', 'humorous cartoons', 'in a humorous vein']",WordNet,humorous.a.01,full of or characterized by humor
62,Sociability,funny,high,"['an funny film with a steady stream of pranks and pratfalls', 'an funny fellow', 'a funny hat', 'a funny look of surprise', 'funny stories that made everybody laugh', 'a very funny writer', ""it would have been funny if it hadn't hurt so much"", 'a funny experience', 'funny courtroom antics']",WordNet,amusing.s.02,arousing or provoking laughter
63,Sociability,boring,low,"['a boring evening with uninteresting people', 'the boring effect of some routine tasks', 'a boring play', 'his competent but boring performance', ""a boring speaker who couldn't capture their attention"", 'what an boring task the writing of long letters is', 'boring days on the train', 'the boring chirping of a cricket', ""other people's dreams are boring wearisome""]",WordNet,boring.s.01,so lacking in interest as to cause mental weariness; ; ; ; ; ; - Edmund Burke; ; - Mark Twain
64,Sociability,popular,high,"['a popular tourist attraction', 'a popular girl', 'cabbage patch dolls are no longer popular']",WordNet,popular.a.01,"regarded with great favor, approval, or affection especially by the general public"
65,Sociability,unpopular,low,"['unpopular ideas', 'an unpopular war']",WordNet,unpopular.a.01,regarded with disfavor or lacking general approval
66,Sociability,nice,high,"['what a nice fellow you are and we all thought you so nasty', 'nice manners', 'a nice dress', 'a nice face', 'a nice day', 'had a nice time at the party', 'the corn and tomatoes are nice today']",WordNet,nice.a.01,pleasant or pleasing or agreeable in nature or appearance; - George Meredith
67,Sociability,nasty,low,"['in a nasty mood', 'a nasty accident', 'a nasty shock', 'a nasty smell', 'a nasty trick to pull', 'will he say nasty things at my funeral?']",WordNet,nasty.a.01,offensive or even (of persons) malicious; ; ; ; ; ; - Ezra Pound
68,Sociability,sentimental,high,"['He has a strong sentimental attachment to the place.', 'She kept the letters for sentimental reasons.', 'The ring wasn\'t worth very much but it had great sentimental value.']",Oxford Learner's Dictionary,sentimental.s.01,given to or marked by sentiment or sentimentality
69,Sociability,forthcoming,high,['She\'s never very forthcoming about her plans.'],Oxford Learner's Dictionary,extroverted.s.02,at ease in talking to others
70,Sociability,tender,high,"['a tender heart', 'a tender smile', 'tender loving care', 'tender memories', 'a tender mother']",WordNet,tender.a.01,given to sympathy or gentleness or sentimentality
71,Sociability,tender,high,['at a tender age'],WordNet,tender.s.03,young and immature
72,Sociability,agreeable,high,"['is the plan agreeable to you?', 'he\'s an agreeable fellow', 'my idea of an agreeable person...is a person who agrees with me', 'an agreeable manner']",WordNet,agreeable.a.01,conforming to your own liking or feelings or nature; ; ; - Disraeli
73,Sociability,disagreeable,low,['a disagreeable old man'],WordNet,disagreeable.s.02,unpleasant to interact with
74,Sociability,rough,low,"['she was a diamond in the rough', 'rough manners']",WordNet,rough.s.02,(of persons or behavior) lacking refinement or finesse
75,Sociability,rough,low,"['rough spirits...lamented that there was so little prospect of an exhilarating disturbance', 'they were rough and determined fighting men']",WordNet,pugnacious.s.02,ready and able to resort to force or violence; - Herman Melville
76,Sociability,rough,low,"['wild and rough country full of hot sand and cactus', 'the nomad life is rough and hazardous']",WordNet,harsh.s.01,unpleasantly stern
77,Sociability,rough,low,"['had rough words', 'a rough and unlovable old tyrant', 'a rough answer']",WordNet,harsh.s.04,unkind or cruel or uncivil
78,Sociability,welcoming,high,['a welcoming smile'],WordNet,welcoming.s.01,very cordial
79,Sociability,inhospitable,low,"['they are extremely inhospitable these days', 'her greeting was cold and inhospitable']",WordNet,inhospitable.a.02,not hospitable
80,Sociability,hospitable,high,"['a good-natured and hospitable man', 'a hospitable act', 'hospitable invitations']",WordNet,hospitable.a.02,disposed to treat guests and strangers with cordiality and generosity
81,Sociability,thoughtful,high,"['The hotel manager was very kind and thoughtful.', ' It was very thoughtful of you to send the flowers.', 'Some thoughtful person had left out towels, soap and shampoo in our rooms.']",Oxford Learner's Dictionary,thoughtful.s.05,considerate of the feelings or well-being of others
82,Sociability,inconsiderate,low,['shockingly inconsiderate behavior'],WordNet,inconsiderate.a.01,lacking regard for the rights or feelings of others
83,Sociability,timid,low,"['He stopped in the doorway, too timid to go in.', 'They\'ve been rather timid in the changes they\'ve made', 'Deer are naturally timid creatures.']",Oxford Learner's Dictionary,timid.a.01,showing fear and lack of confidence
84,Sociability,timid,low,"['stood in the doorway timid and abashed', 'problems that call for bold not timid responses', 'a very timid young man']",WordNet,diffident.a.02,lacking self-confidence
85,Morality,morality,high,['matters of public/private morality'],Oxford Learner's Dictionary,morality.n.01,concern with the distinction between good and evil or right and wrong; right or good conduct
86,Morality,morality,high,['There is a continuing debate on the morality of abortion.'],Oxford Learner's Dictionary,ethical_motive.n.01,motivation based on ideas of right and wrong
87,Morality,moral,high,"['moral sense', 'a moral scrutiny', 'a moral lesson', 'a moral quandary', 'moral convictions', 'a moral life']",WordNet,moral.a.01,concerned with principles of right and wrong or conforming to standards of behavior and character based on those principles
88,Morality,immoral,low,"['It\'s immoral to steal', 'There\'s nothing immoral about wanting to earn more money']",Oxford Learner's Dictionary,immoral.a.01,deliberately violating accepted principles of right and wrong
89,Morality,immoral,low,"['immoral and unpatriotic motives', 'a immoral, degrading way of life', 'cheating is immoral', 'they considered colonialism immoral', 'immoral practices in handling public funds']",WordNet,base.s.04,not adhering to ethical or moral principles
90,Morality,trustworthiness,high,['It was a chance to prove his trustworthiness to them.'],Oxford Learner's Dictionary,trustworthiness.n.01,the trait of deserving trust and confidence
91,Morality,trustworthy,high,"['a trustworthy report', 'an experienced and trustworthy traveling companion']",WordNet,trustworthy.a.01,worthy of trust or belief
92,Morality,untrustworthiness,low,"['In this respect, women are sometimes described as \'strong\', their strength supporting a fragile kin unit, threatened by poverty and the untrustworthiness of its men', 'On the supply side, governors have shown major shortcomings - corruption, untrustworthiness and unresponsiveness to ordinary people']",Cambridge Dictionary,untrustworthiness.n.01,the trait of not deserving trust or confidence
93,Morality,untrustworthy,low,['an untrustworthy person'],WordNet,untrustworthy.a.01,not worthy of trust or belief
94,Morality,sincere,high,"['he was a good man, decent and sincere', 'felt sincere regret that they were leaving', 'sincere friendship']",WordNet,sincere.a.01,open and genuine; not deceitful
95,Morality,insincere,low,"['a charming but thoroughly insincere woman', 'their praise was extravagant and insincere']",WordNet,insincere.a.01,lacking sincerity
96,Morality,honest,high,"['honest lawyers', 'honest reporting']",WordNet,honest.a.01,not disposed to cheat or defraud; not deceptive or fraudulent
97,Morality,honest,high,['my honest opinion'],WordNet,honest.s.02,without dissimulation; frank
98,Morality,honest,high,"['an honest worker', 'an honest working stiff', 'an honest sourcsfle of information', 'he was honest to his word', 'i would be honest for there are those who trust me']",WordNet,dependable.s.02,worthy of being depended on
99,Morality,dishonest,low,"['Beware of dishonest traders in the tourist areas.', ]",Oxford Learner's Dictionary,dishonest.a.01,deceptive or fraudulent; disposed to cheat or defraud or deceive
100,Morality,dishonest,low,"['dishonest judges', 'dishonest politicians', 'a dishonest senator', 'a dishonest police officer']",WordNet,corruptible.s.01,capable of being corrupted
101,Morality,egoistic,low,"['By contrast, he was vain, selfish and egoistic.']",Oxford Learner's Dictionary,egoistic.a.01,limited to or caring only about yourself and your own needs
102,Morality,altruistic,high,['altruistic behaviour'],Oxford Learner's Dictionary,altruistic.a.01,showing unselfish concern for the welfare of others
103,Morality,selfish,low,['selfish men were...trying to make capital for themselves out of the sacred cause of civil rights'],Oxford Learner's Dictionary,selfish.a.01,concerned chiefly or only with yourself and your advantage to the exclusion of others; - Maria Weston Chapman
104,Morality,selfless,high,['a life of selfless service to the community'],Oxford Learner's Dictionary,altruistic.a.01,showing unselfish concern for the welfare of others
105,Morality,benevolent,high,['a benevolent society'],WordNet,benevolent.a.01,intending or showing kindness
106,Morality,benevolent,high,"['was benevolent in his opinions of others', 'benevolent criticism', 'a benevolent act', 'benevolent words', 'a benevolent mentor']",WordNet,charitable.s.03,showing or motivated by sympathy and understanding and generosity
107,Morality,benevolent,high,"['This compassionate, benevolent attitude towards the sick is continued on yet another level']",Cambridge Dictionary,benevolent.s.03,generous in providing aid to others
108,Morality,benevolent,high,"['a benevolent contributor', 'benevolent relief', 'benevolent contributions']",WordNet,beneficent.s.02,generous in assistance to the poor
109,Morality,benevolence,high,['an act of benevolence'],Oxford Learner's Dictionary,benevolence.n.01,disposition to do good
110,Morality,threat,low,['earthquakes are a constant threat in japan'],WordNet,menace.n.01,something that is a source of danger
111,Morality,hardhearted,low,['a cold hardhearted person without feelings'],Oxford Learner's Dictionary,hardhearted.a.01,lacking in feeling or pity or warmth
112,Morality,hardhearted,low,['an hardhearted wretch'],WordNet,hardhearted.s.02,devoid of feeling for others
113,Morality,softhearted,high,['a softhearted judge'],WordNet,softhearted.a.01,easily moved to pity or sorrow
114,Morality,loyal,high,"['loyal subjects', 'loyal friends stood by him']",WordNet,loyal.a.01,steadfast in allegiance or duty
115,Morality,disloyal,low,['disloyal aides revealed his indiscretions to the papers'],WordNet,disloyal.a.02,deserting your allegiance or duty to leader or cause or principle
116,Morality,fair,high,"['a fair referee', 'fair deal', 'on a fair footing', 'a fair fight', 'by fair means or foul']",WordNet,fair.a.01,free from favoritism or self-interest or bias or deception; conforming with established standards or rules
117,Morality,unfair,low,"['used unfair methods', 'it was an unfair trial', 'took an unfair advantage']",WordNet,unfair.a.01,not fair; marked by injustice or partiality or deception
118,Morality,tolerant,high,['He has a very tolerant attitude towards other religions.'],Oxford Learner's Dictionary,tolerant.a.01,showing respect for the rights or opinions or practices of others
119,Morality,tolerant,high,['our neighbor was very tolerant about the window our son broke'],WordNet,kind.s.03,tolerant and forgiving under provocation
120,Morality,intolerant,low,"['She was intolerant of others who were less efficient than her.', 'He was deeply intolerant of all opposition.']",WordNet,intolerant.a.01,unwilling to tolerate difference of opinion
121,Morality,tolerance,high,['She had no tolerance for jokes of any kind.'],Oxford Learner's Dictionary,permissiveness.n.01,a disposition to allow freedom of choice and behavior
122,Morality,intolerance,low,"['religious intolerance', 'a basic intolerance for other people and their culture']",Oxford Learner's Dictionary,intolerance.n.02,unwillingness to recognize and respect differences in opinions or beliefs
123,Morality,good,high,"['He was very good to me when I was ill.', 'Giving her that money was a good thing to do.']",Oxford Learner's Dictionary,good.a.03,morally admirable
124,Morality,bad,low,"['a bad report card', 'his sloppy appearance made a bad impression', 'a bad little boy', 'clothes in bad shape', 'a bad cut', 'bad luck', 'the news was very bad', 'the reviews were bad', 'the pay is bad', 'it was a bad light for reading', 'the movie was a bad choice']",WordNet,bad.a.01,having undesirable or negative qualities
125,Morality,virtuous,high,"['She lived an entirely virtuous life.', 'They believe strongly that work is virtuous.']",Oxford Learner's Dictionary,virtuous.a.01,morally excellent
126,Morality,kind,high,"['kind to sick patients', 'a kind master', 'kind words showing understanding and sympathy', 'thanked her for her kind letter']",WordNet,kind.a.01,having or showing a tender and considerate and helpful nature; used especially of persons and their behavior
127,Morality,unkind,low,"['a thoughtless and unkind remark', 'the unkind cut of all']",WordNet,unkind.a.01,lacking kindness
128,Morality,unkind,low,"['She\'s not intentionally unkind - she\'s just a little thoughtless sometimes', 'It was a bit unkind of you to mention her weight', 'Don\'t be so unkind to your sister']",Oxford Learner's Dictionary,pitiless.s.02,deficient in humane and kindly feelings
129,Morality,right,high,"[""it isn\'t right to leave the party without saying goodbye"", ""right behavior""]",WordNet,correct.s.02,socially right or correct
130,Morality,right,high,['do the right thing and confess'],WordNet,right.a.04,in conformance with justice or law or morality
131,Morality,wrong,low,"['it is wrong for the rich to take advantage of the poor', 'cheating is wrong', 'it is wrong to lie']",WordNet,wrong.a.02,contrary to conscience or morality or law
132,Morality,mean,low,"['a mean thing to do', 'in a mean mood']",WordNet,hateful.s.02,characterized by malice
133,Morality,mean,low,"['that liberal obedience without which your army would be a mean rabble', 'taking a mean advantage', 'chok\'d with ambition of the mean er sort', 'something essentially vulgar and mean spirited in politics']",WordNet,base.s.05,having or showing an ignoble lack of honor or morality; - Edmund Burke; ; - Shakespeare
134,Morality,kindness,high,"['to treat somebody with kindness and consideration', 'They had shown him great kindness.', 'Show your appreciation by little acts of kindness.']",Oxford Learner's Dictionary,kindness.n.01,the quality of being warmhearted and considerate and humane and sympathetic
135,Morality,honesty,high,"['She answered all my questions with her usual honesty.', 'His honesty is not in question.']",Oxford Learner's Dictionary,honesty.n.01,the quality of being honest
136,Morality,sincerity,high,"['his sincerity inspired belief', 'they demanded some proof of my sincerity']",WordNet,sincerity.n.02,the quality of being open and truthful; not deceitful or hypocritical
137,Morality,honorable,high,"['honorable lawyers', 'honorable reporting']",WordNet,honest.a.01,not disposed to cheat or defraud; not deceptive or fraudulent
138,Morality,honorable,high,"['it seems honorable and right', 'followed the only honorable course of action']",WordNet,ethical.s.03,adhering to ethical and moral principles
139,Morality,dishonorable,low,['dishonorable in thought and deed'],WordNet,dishonorable.a.01,lacking honor or integrity; deserving dishonor
140,Morality,dishonorable,low,['It would have been dishonorable of her not to keep her promise.'],Oxford Learner's Dictionary,dishonest.a.01,deceptive or fraudulent; disposed to cheat or defraud or deceive
141,Morality,corrupt,low,"[""humanity they knew to be corrupt...from the day of adam's creation"", 'a corrupt and incompetent city government']",WordNet,corrupt.a.01,lacking in integrity
142,Morality,corrupt,low,"[""It was seen as the only way to overthrow a corrupt regime"", ""they promised to seek out the corrupt officials who had accepted the bribes""]",Oxford Learner's Dictionary,crooked.a.02,not straight; dishonest or immoral or evasive
143,Morality,incorrupt,high,['a policeman who was incorrupt and incorruptible'],WordNet,incorrupt.a.01,free of corruption or immorality
144,Morality,criminal,low,"['a convicted criminal', 'He admits to being a petty criminal', 'Police sometimes put themselves in danger when arresting violent criminal s']",Oxford Learner's Dictionary,criminal.n.01,someone who has committed a crime or has been legally convicted of a crime
145,Morality,criminal,low,"['a criminal waste of talent', 'a criminal act of violence', 'adultery is as criminal for a husband as for a wife']",WordNet,condemnable.s.01,bringing or deserving severe rebuke or censure
146,Morality,criminal,low,['criminal in the sight of god and man'],WordNet,criminal.s.02,guilty of crime or serious offense
147,Morality,criminal,low,"['a criminal offense', 'criminal abuse', 'criminal intent']",Oxford Learner's Dictionary,criminal.s.03,involving or being or having the nature of a crime
148,Morality,innocent,high,"['an innocent child', 'the principle that one is innocent until proved guilty']",WordNet,innocent.a.01,free from evil or guilt
149,Morality,thief,low,"['A thief snatched her handbag containing her wages.', 'The alarm is usually sufficient to deter a would-be thief.', 'The thief struck while the family were out.']",Oxford Learner's Dictionary,thief.n.01,a criminal who takes property belonging to someone else with the intention of keeping it or selling it
150,Morality,liar,low,"['Shelley wasn\'t a very good liar', 'She\'s an accomplished liar — they believed every word she said.', 'He\'s the biggest liar I\'ve ever known.']",Oxford Learner's Dictionary,liar.n.01,a person who has lied or who lies repeatedly
151,Morality,hostile,low,"['a hostile nation', 'a hostile remark', 'hostile actions']",WordNet,hostile.a.01,characterized by enmity or ill will
152,Morality,amicable,high,"['an amicable relationship', 'An amicable settlement was reached.']",Oxford Learner's Dictionary,amicable.a.01,characterized by friendship and good will
153,Morality,fake,low,"['There were a few stalls selling fake designer clothing.', 'The caller appeared to have a fake American accent.']",Oxford Learner's Dictionary,bogus.s.01,fraudulent; having a misleading appearance
154,Morality,genuine,high,"['genuine emotion', 'her interest in people was genuine', 'genuine grief']",WordNet,genuine.s.02,not pretended; sincerely felt or expressed
155,Morality,double-faced,low,"['she was a deceitful double-faced eming little thing', 'a double-faced double agent', 'a double-faced infernal traitor and schemer']",WordNet,ambidextrous.s.02,marked by deliberate deceptiveness especially by pretending one set of feelings and acting under the influence of another; - Israel Zangwill; ; - W.M.Thackeray
156,Morality,cunning,low,"['cunning men often pass for wise', 'cunning political machinations', 'a cunning scheme', 'a cunning evasive answer', 'cunning as a fox', 'cunning dick', 'a cunning old attorney']",WordNet,crafty.s.01,marked by skill in deception
157,Morality,humane,high,['The humane way of dealing with a suffering animal (= the way that causes the least pain) is to kill it quickly'],Cambridge Dictionary,humane.a.02,marked or motivated by concern with the alleviation of suffering
158,Morality,vicious,low,"['a vicious crime', 'vicious beatings', 'vicious tortures', ""stalin\'s vicious treatment of the kulaks"", 'a vicious slap', 'vicious kicks']",WordNet,barbarous.s.01,(of persons or their actions) able or disposed to inflict pain or suffering
159,Morality,vicious,low,"['They were the victims of a vicious racist attack', 'He was set upon by a vicious dog', 'He was subjected to the most vicious calumny, but he never complained and never sued']",Cambridge Dictionary,evil.s.02,having the nature of vice
160,Morality,vicious,low,"['a vicious waste of talent', 'a vicious act of violence', 'adultery is as vicious for a husband as for a wife']",WordNet,condemnable.s.01,bringing or deserving severe rebuke or censure
161,Morality,scheming,low,['the most scheming and selfish men in the community'],WordNet,calculating.s.01,used of persons
162,Morality,revengeful,low,"['more revengeful than jealous love', 'punishments...essentially revengeful in their nature']",WordNet,revengeful.s.01,disposed to seek revenge or intended for revenge; - Shakespeare; - M.R.Cohen
163,Morality,treacherous,low,"['treacherous faith', 'the treacherous judas', 'the fiercest and most treacherous of foes', 'treacherous intrigues']",WordNet,punic.s.02,tending to betray; especially having a treacherous character as attributed to the Carthaginians by the Romans
164,Morality,faithful,high,"['years of faithful service', 'faithful employees', 'we do not doubt that england has a faithful patriot in the lord chancellor']",WordNet,faithful.a.01,steadfast in affection or allegiance
165,Morality,exploitative,low,['an exploitative economic system'],Oxford Learner's Dictionary,exploitative.s.01,tending to exploit or make use of
166,Morality,stingy,low,"['she practices economy without being stingy', 'a stingy response to the appeal for funds']",WordNet,stingy.a.01,unwilling to spend
167,Morality,brutal,low,"['a brutal crime', 'brutal beatings', 'brutal tortures', ""stalin's brutal treatment of the kulaks"", 'a brutal slap', 'brutal kicks']",WordNet,barbarous.s.01,(of persons or their actions) able or disposed to inflict pain or suffering
168,Morality,cruelty,low,"['The deliberate cruelty of his words cut her like a knife.', 'Her stepmother showed her nothing but cruelty.', 'She was shocked to see such cruelty.']",Oxford Learner's Dictionary,cruelty.n.01,a cruel act; a deliberate infliction of pain and suffering
169,Morality,cruelty,low,"['The farmer was accused of cruelty to animals', 'I find any cruelty to children utterly repellent', 'The slaves were treated with sickening cruelty', 'The cruelty displayed by these torturers is hard to comprehend']",Cambridge Dictionary,cruelty.n.02,feelings of extreme heartlessness
170,Morality,good-natured,high,"['too good-natured to resent a little criticism', 'the good-natured policeman on our block', 'the sounds of good-natured play']",WordNet,good-natured.a.01,having an easygoing and cheerful disposition
171,Morality,truthful,high,"['a truthful statement', 'gave truthful testimony', 'a truthful person']",WordNet,truthful.a.01,expressing or given to expressing the truth
172,Morality,untruthful,low,"['the statement given under oath was untruthful', 'an untruthful person']",WordNet,untruthful.a.01,not expressing or given to expressing the truth
173,Morality,cooperative,high,['Employees will generally be more cooperative if their views are taken seriously.'],Oxford Learner's Dictionary,accommodative.s.02,willing to adjust to differences in order to obtain agreement
174,Morality,uncooperative,low,['an uncooperative witness'],WordNet,uncooperative.a.01,unwilling to cooperate
175,Morality,lenient,high,"['a lenient sentence/fine', 'The judge was far too lenient with him.']",Oxford Learner's Dictionary,lenient.s.03,characterized by tolerance and mercy
176,Morality,generous,high,['a generous donation'],WordNet,generous.a.01,willing to give and share unstintingly
177,Morality,forgiving,high,"['a kindly forgiving nature', 'a forgiving embrace to the naughty child']",WordNet,forgiving.a.01,inclined or able to forgive and show mercy
178,Morality,compassionate,high,['heard the soft and compassionate voices of women'],WordNet,compassionate.a.01,showing or having compassion
179,Morality,unforgiving,low,['a surly unforgiving old woman'],WordNet,unforgiving.a.01,unwilling or unable to forgive or show mercy
180,Morality,resentful,low,"['resentful at the way he was treated', 'a sullen resentful attitude']",WordNet,resentful.a.01,full of or marked by resentment or indignant ill will
181,Morality,reliable,high,"['a reliable source of information', 'a reliable worker']",WordNet,reliable.a.01,worthy of reliance or trust
182,Morality,reliable,high,"['a reliable worker', 'an reliable working stiff', 'a reliable sourcsfle of information', 'he was reliable to his word', 'i would be reliable for there are those who trust me']",WordNet,dependable.s.02,worthy of being depended on
183,Morality,unreliable,low,"['in the early 1950s computers were large and expensive and unreliable', 'an unreliable assistant']",WordNet,unreliable.a.02,not worthy of reliance or trust
184,Morality,irresponsible,low,"['behaved like an irresponsible idiot', 'hasty and irresponsible action']",WordNet,irresponsible.a.01,showing lack of care for consequences
185,Morality,responsible,high,"['a responsible adult', 'responsible journalism', 'a responsible position', ""the captain is responsible for the ship's safety"", 'the cabinet is responsible to the parliament']",WordNet,responsible.a.01,worthy of or requiring responsibility or trust; or held accountable
186,Morality,prejudiced,low,['a prejudiced judge'],WordNet,prejudiced.a.02,being biased or having a belief or attitude formed beforehand
187,Morality,unprejudiced,high,"['an unprejudiced appraisal of the pros and cons', 'the unprejudiced eye of a scientist']",WordNet,unprejudiced.a.01,free from undue bias or preconceived opinions
188,Morality,racist,low,['racist remarks'],WordNet,racist.s.01,based on racial intolerance
189,Morality,racist,low,"['racist attitudes/remarks', 'racist thugs/attacks']",Oxford Learner's Dictionary,racist.s.02,discriminatory especially on the basis of race or religion
190,Morality,racism,low,"['a victim of racism', 'the urgent need to address institutional racism within the organization', 'Half a million people held a mass protest against racism last night.']",Oxford Learner's Dictionary,racism.n.01,the prejudice that members of one race are intrinsically superior to members of other races
191,Morality,racism,low,"['The authorities are taking steps to combat/fight/tackle racism in schools', 'The report made it plain that institutional racism (= racism in all parts of an organization) is deep-rooted in this country']",Cambridge Dictionary,racism.n.02,discriminatory or abusive behavior towards members of another race
192,Morality,prejudice,low,"['a victim of racial prejudice', 'Their decision was based on ignorance and prejudice.']",Oxford Learner's Dictionary,bias.n.01,a partiality that prevents objective consideration of an issue or situation
193,Morality,discrimination,low,"['discrimination against the elderly', 'They alleged discrimination by the authorities.', 'Levels of discrimination against recent immigrants are high.', 'Many disabled people face discrimination at work.']",Oxford Learner's Dictionary,discrimination.n.01,unfair treatment of a person or group on the basis of prejudice
194,Morality,sexist,low,"['a sexist attitude', 'sexist language']",Oxford Learner's Dictionary,sexist.s.01,discriminatory on the basis of sex (usually said of men's attitude toward women)
195,Morality,homophobic,low,"['His homophobic comments led to his dismissal', 'Her critics say she is racist and homophobic', 'The project is aimed at helping school teachers develop good practice in countering homophobic bullying']",Cambridge Dictionary,homophobic.s.01,prejudiced against homosexual people
196,Morality,homophobia,low,"['Her aunt\’s homophobia made it difficult for her to be out at family gatherings', 'Critics of the comedian\'s new, shocking material accused him of homophobia and sexism', 'I had to fight my own internalized homophobia that told me I should be ashamed to be queer']",Cambridge Dictionary,homophobia.n.01,prejudice against (fear or dislike of) homosexual people and homosexuality
197,Morality,evil,low,"['He was a good man who was forced to do evil', 'You cannot pretend there\'s no evil in the world']",Oxford Learner's Dictionary,evil.n.01,morally objectionable behavior
198,Morality,evil,low,['the evil that men do lives after them; the good is oft interred with their bones'],WordNet,evil.n.02,that which causes harm or destruction or misfortune; - Shakespeare
199,Morality,evil,low,['attempts to explain the origin of evil in the world'],WordNet,evil.n.03,the quality of being morally wrong in principle or practice
200,Morality,good,high,['there is much good to be found in people'],WordNet,good.n.02,moral excellence or admirableness
201,Morality,evil,low,"['evil purposes', 'an evil influence', 'evil deeds']",WordNet,evil.a.01,morally bad or wrong
202,Morality,evil,low,['In his speech he described the evil effects of racism'],Oxford Learner's Dictionary,evil.s.02,having the nature of vice
203,Morality,evil,low,"['evil stars', 'a evil force']",WordNet,malefic.s.01,having or exerting a malignant influence
204,Morality,beneficent,high,['the most beneficent regime in history'],WordNet,beneficent.a.01,doing or producing good
205,Ability,competence,high,"['to gain a high level of competence in English', 'professional/technical competence']",Oxford Learner's Dictionary,competence.n.01,the quality of being adequately or well qualified physically and intellectually
206,Ability,competent,high,['a competent typist'],WordNet,competent.a.01,properly or sufficiently qualified or capable or efficient
207,Ability,incompetent,low,"['an incompetent secret service', 'the filming was hopeless incompetent']",WordNet,incompetent.a.02,not qualified or suited for a purpose
208,Ability,incompetent,low,"['a incompetent workman', 'did an incompetent job', 'his incompetent attempt to put up a shelf']",WordNet,bungling.s.01,showing lack of skill or aptitude
209,Ability,incompetent,low,['incompetent at chess'],WordNet,incompetent.s.04,not doing a good job
210,Ability,competitive,high,"['highly competitive sales representative', 'competitive in fighting for better wages for workers', 'his competitive and ubiquitous energy']",WordNet,competitive.s.03,showing a fighting disposition
211,Ability,uncompetitive,low,"['uncompetitive prices', 'an uncompetitive industry']",Oxford Learner's Dictionary,uncompetitive.s.01,not inclined to compete
212,Ability,smart,high,"['He is too ambitious, too smart for his own good.', 'That was a smart career move.']",Oxford Learner's Dictionary,smart.a.01,showing mental alertness and calculation and resourcefulness
213,Ability,smart,high,"['some children are smart er in one subject than another', 'smart children talk earlier than the average']",WordNet,bright.s.03,characterized by quickness and ease in learning
214,Ability,bright,high,"['some children are bright in one subject than another', 'bright children talk earlier than the average']",WordNet,bright.s.03,characterized by quickness and ease in learning
215,Ability,intelligent,high,"['is there intelligent life in the universe?', 'an intelligent question']",WordNet,intelligent.a.01,having the capacity for thought and reason especially to a high degree
216,Ability,intelligent,high,['intelligent readers'],WordNet,intelligent.s.02,possessing sound knowledge
217,Ability,unintelligent,low,['a dull job with lazy and unintelligent co-workers'],WordNet,unintelligent.a.01,lacking intelligence
218,Ability,intelligence,high,"['He didn\'t even have the intelligence to call for an ambulance.', 'a person of high/average/low intelligence']",Oxford Learner's Dictionary,intelligence.n.01,the ability to comprehend; to understand and profit from experience
219,Ability,stupid,low,"['the economy, stupid!']",WordNet,stupid.n.01,a person who is not very bright
220,Ability,stupid,low,"['Forgetting my notes made me look stupid', 'Her teachers thought she was stupid, but in fact she couldn\'t hear properly.']",Oxford Learner's Dictionary,stupid.a.01,lacking or marked by lack of intellectual acuity
221,Ability,stupid,low,"['he had a stupid expression on his face', 'lay semiconscious, stunned (or stupid) by the blow', 'was stupid from fatigue']",WordNet,dazed.s.01,in a state of mental numbness especially as resulting from shock
222,Ability,stupid,low,['a dull job with lazy and stupid co-workers'],WordNet,unintelligent.a.01,lacking intelligence
223,Ability,stupidity,low,"['I couldn\'t believe my own stupidity.', 'The police were astonished at the sheer stupidity of drivers in going so fast in the fog.']",Oxford Learner's Dictionary,stupidity.n.01,a poor ability to understand or to profit from experience
224,Ability,stupidity,low,['the errors and stupidity of youth'],Oxford Learner's Dictionary,stupidity.n.02,a stupid mistake
225,Ability,ignorant,low,"['an ignorant man', 'ignorant of contemporary literature', 'an unlearned group ignorant of understanding complex issues', 'exhibiting contempt for his ignorant companions']",WordNet,ignorant.s.01,uneducated in general; lacking knowledge or sophistication
226,Ability,ignorance,low,"['They fought a long battle against prejudice and ignorance', 'I hate to admit my ignorance, but how does it work?']",Oxford Learner's Dictionary,ignorance.n.01,the lack of knowledge or education
227,Ability,dumb,low,"['so dumb he never understands anything i say to him', 'never met anyone quite so dumb', 'although dumb at classical learning, at mathematics he was uncommonly quick', 'dumb officials make some really dumb decisions', 'he was either normally dumb or being deliberately obtuse', 'worked with the dumb students']",WordNet,dense.s.04,slow to learn or understand; lacking intellectual acuity; ; ; - Thackeray
228,Ability,dumbness,low,"['In a moment of drunken dumbness, he tried to stand on his head.']",Oxford Learner's Dictionary,denseness.n.01,the quality of being mentally slow and limited
229,Ability,able,high,"['able to swim', 'she was able to program her computer', 'we were at last able to buy a car', 'able to get a grant for the project']",WordNet,able.a.01,(usually followed by `to') having the necessary means or skill or know-how or authority to do something
230,Ability,able,high,"['able teachers', 'able administrator', 'children as young as 14 can be extremely able and dependable']",WordNet,able.s.02,have the skills and qualifications to do things well
231,Ability,unable,low,"['unable to get to town without a car', 'unable to obtain funds']",WordNet,unable.a.01,(usually followed by `to') not having the necessary means or skill or know-how
232,Ability,skillful,high,"['skillful in handicrafts', 'an skillful juggler', 'a skillful job', 'a skillful mechanic', 'a skillful marksman', 'a skillful engineer', 'a lesser-known but no less skillful composer', 'the effect was achieved by skillful retouching']",WordNet,adept.s.01,having or showing knowledge and skill and aptitude
233,Ability,skill,high,"['The job requires skill and an eye for detail.', 'I admired her skill at catching fish', 'She plays the part with great skill.']",Oxford Learner's Dictionary,skill.n.01,an ability that has been acquired by training
234,Ability,skilled,high,"['only the most skilled gymnasts make an olympic team', 'a skilled surgeon has many years of training and experience', 'a skilled reconstruction of her damaged elbow', 'a skilled trade']",WordNet,skilled.a.01,having or showing or requiring special skill
235,Ability,educated,high,"['the need for a broadly educated workforce', 'They were poorly educated and spoke little English.']",Oxford Learner's Dictionary,educated.a.01,possessing an education (especially having more than average knowledge)
236,Ability,uneducated,low,"['an uneducated workforce', 'They were highly intelligent but uneducated.']",Oxford Learner's Dictionary,uneducated.a.01,not having a good education
237,Ability,education,high,['it was clear that he had a very broad education'],WordNet,education.n.02,knowledge acquired by learning and instruction
238,Ability,rational,high,"['rational behavior', 'a process of rational inference', 'rational thought']",WordNet,rational.a.01,consistent with or based on or using reason
239,Ability,irrational,low,"['irrational fears', 'irrational animals']",WordNet,irrational.a.01,not consistent with or using reason
240,Ability,creative,high,['a creative imagination'],WordNet,creative.a.01,having the ability or power to create
241,Ability,uncreative,low,['an uncreative imagination'],WordNet,uncreative.a.01,not creative
242,Ability,capable,high,"['capable of winning', 'capable of hard work', 'capable of walking on two feet']",WordNet,capable.a.01,(usually followed by `of') having capacity or ability
243,Ability,capable,high,"['capable teachers', 'a capable administrator', 'children as young as 14 can be extremely capable and dependable']",WordNet,able.s.02,have the skills and qualifications to do things well
244,Ability,incapable,low,"['incapable of carrying a tune', 'he is incapable of understanding the matter', 'incapable of doing the work']",WordNet,incapable.a.01,(followed by `of') lacking capacity or ability
245,Ability,practical,high,"['he is a very practical person', 'the idea had no practical application', 'a practical knowledge of japanese', 'woodworking is a practical art']",WordNet,practical.a.01,concerned with actual use or practice
246,Ability,impractical,low,"['refloating the ship proved impractical because of the expense', 'he is intelligent but too impractical for commercial work', 'an impractical solution']",WordNet,impractical.a.01,not practical; not workable or not given to practical matters
247,Ability,graceful,high,"['The dancers were all tall and graceful.', 'Dolphins are incredibly graceful and efficient swimmers.', 'She was slim and extremely graceful.']",Oxford Learner's Dictionary,graceful.a.01,"characterized by beauty of movement, style, form, or execution"
248,Ability,felicitous,high,['a felicitous speaker'],WordNet,felicitous.a.01,exhibiting an agreeably appropriate manner or style
249,Ability,clumsy,low,"['a clumsy lad with long ungainly legs', 'clumsy fingers', 'what a clumsy creature a giraffe is', 'heaved his clumsy figure out of his chair']",WordNet,gawky.s.01,lacking grace in movement or posture
250,Ability,clumsy,low,"['an clumsy prose style', 'a clumsy apology', 'his clumsy writing style', 'if the rumor is true, can anything be more clumsy than to repeat it now?']",WordNet,awkward.s.04,not elegant or graceful in expression
251,Ability,clumsy,low,"['a clumsy workman', 'did a clumsy job', 'his clumsy attempt to put up a shelf']",WordNet,bungling.s.01,showing lack of skill or aptitude
252,Ability,imaginative,high,"['an imaginative use of material', 'the invention of the knitting frame by another imaginative english clergyman', 'an imaginative device', 'had an imaginative turn of mind', 'imaginative ceramics']",WordNet,imaginative.s.01,(used of persons or artifacts) marked by independence and creativity in thought or action; ; - Lewis Mumford
253,Ability,unimaginative,low,"['a unimaginative ideology lacking in originality', 'unimaginative development of a musical theme', 'unimaginative writing']",WordNet,sterile.s.03,deficient in originality or creativity; lacking powers of invention
254,Ability,foolish,low,"['foolish remarks', 'a foolish decision']",WordNet,foolish.a.01,devoid of good sense or judgment
255,Ability,shrewd,high,"['a shrewd businessman', 'an shrewd tenant always reads the small print in a lease', 'he was too shrewd to go along with them on a road that could lead only to their overthrow']",WordNet,astute.s.01,marked by practical hardheaded intelligence
256,Ability,critical,high,"['a critical reading', 'a critical dissertation', ""a critical analysis of melville\'s writings""]",WordNet,critical.a.03,characterized by careful evaluation and judgment
257,Ability,naive,low,"[""a teenager\'s naive ignorance of life"", 'the naive assumption that things can only get better', 'this naive simple creature with wide friendly eyes so eager to believe appearances']",WordNet,naive.a.01,marked by or showing unaffected simplicity and lack of guile or worldly experience
258,Ability,discriminating,high,['the discriminating eye of the connoisseur'],WordNet,discriminating.a.01,showing or indicating careful judgment and discernment especially in matters of taste
259,Ability,undiscriminating,low,['an undiscriminating audience'],Oxford Learner's Dictionary,undiscriminating.a.01,not discriminating
260,Ability,inventive,high,"['an inventive use of material', 'the invention of the knitting frame by another inventive english clergyman', 'an inventive device', 'had an inventive turn of mind', 'inventive ceramics']",WordNet,imaginative.s.01,(used of persons or artifacts) marked by independence and creativity in thought or action; ; - Lewis Mumford
261,Ability,clever,high,"['an clever pupil', 'you are a clever man...you reason well and your wit is bold']",WordNet,apt.s.03,mentally quick and resourceful; ; -Bram Stoker
262,Ability,clever,high,"['a clever gadget', 'the clever maneuvers leading to his success', 'an clever solution to the problem']",WordNet,clever.s.03,showing inventiveness and skill
263,Ability,maladroit,low,"['a maladroit movement of his hand caused the car to swerve', 'a maladroit translation', 'maladroit propaganda']",WordNet,maladroit.a.01,not adroit
264,Ability,wise,high,"['a wise leader', 'a wise and perceptive comment']",WordNet,wise.a.01,having or prompted by wisdom or discernment
265,Ability,wise,high,"[""wise use of one\'s money"", 'a wise decision']",WordNet,judicious.s.01,marked by the exercise of good judgment or common sense in practical matters
266,Ability,wisdom,high,"['Do you have any more words of wisdom for us?', 'Consultants are too often seen as the source of all wisdom.']",Oxford Learner's Dictionary,wisdom.n.02,the trait of utilizing knowledge and experience with common sense and insight
267,Ability,folly,low,"['Do you have any more words of folly for us?', 'Consultants are too often seen as the source of all folly.']",Oxford Learner's Dictionary,folly.n.01,the trait of acting stupidly or rashly
268,Ability,unwise,low,['an unwise investor is soon impoverished'],WordNet,unwise.s.01,showing or resulting from lack of judgment or wisdom
269,Ability,efficient,high,"['people who will do nothing unless they get something out of it for themselves are often highly efficient persons...', 'efficient personnel', 'an efficient secretary', 'the efficient cause of the revolution']",WordNet,effective.s.02,able to accomplish a purpose; functioning effectively; -G.B.Shaw
270,Ability,effective,high,"['people who will do nothing unless they get something out of it for themselves are often highly effective persons...', 'effective personnel', 'an effective secretary', 'the effective cause of the revolution']",WordNet,effective.s.02,able to accomplish a purpose; functioning effectively; -G.B.Shaw
271,Ability,inefficient,low,"['an inefficient administration', 'inefficient workers']",WordNet,ineffective.s.03,lacking the ability or skill to perform effectively; inadequate
272,Ability,ineffective,low,"['an ineffective administration', 'ineffective workers']",WordNet,ineffective.s.03,lacking the ability or skill to perform effectively; inadequate
273,Ability,logical,high,['a logical mind'],WordNet,logical.a.01,capable of or reflecting the capability for correct and valid reasoning
274,Ability,illogical,low,"['illogical behaviour', 'From all this evidence he drew a strange and illogical conclusion.']",Oxford Learner's Dictionary,illogical.a.01,lacking in correct logical relation
275,Ability,brilliant,high,"['some men dislike brilliant women', 'a brilliant mind', 'a brilliant solution to the problem']",WordNet,brainy.s.01,having or marked by unusual and impressive intelligence
276,Ability,insightful,high,"['an insightful parent', 'the chapter is insightful and suggestive of new perspectives']",WordNet,insightful.s.01,exhibiting insight or clear and deep perception; ; -R.C.Angell
277,Ability,unperceptive,low,['as unperceptive as a boulder'],WordNet,unperceptive.a.01,lacking perception
278,Ability,unperceptive,low,"['an unperceptive parent', 'the chapter is unperceptive and suggestive of new perspectives']",Oxford Learner's Dictionary,unperceptive.s.02,"lacking sensitivity, taste, or judgment"
279,Ability,inept,low,"['inept attempts to repair the plumbing', 'inept handling of the account']",WordNet,feckless.s.02,generally incompetent and ineffectual
280,Ability,ability,high,['danger heightened his ability of discrimination'],WordNet,ability.n.01,the quality of being able to perform; a quality that permits or facilitates achievement or accomplishment
281,Ability,ability,high,"['Students must demonstrate the ability to understand simple texts', 'She has an uncanny ability to predict what consumers will want', 'He has this innate ability to see beyond the range of most people']",Oxford Learner's Dictionary,ability.n.02,possession of the qualities (especially mental qualities) required to do something or get something done
282,Ability,inability,low,"['They have an inability to control their rage', 'the government\’s inability to provide basic services', 'Some families go without medical treatment because of their inability to pay']",Oxford Learner's Dictionary,inability.n.01,lack of ability (especially mental ability) to do something
283,Ability,inability,low,"['Inability to use a computer is a serious disadvantage when you are applying for jobs', 'In his inability to force this nameless woman to marry him, he faced a definite curtailment of his former power', 'Default risk is related to the inability of a borrower to reimburse a loan or a bond', 'In general terms, fatigue reflects an inability, (perceived or actual) to maintain the expected level of work']",Cambridge Dictionary,inability.n.02,lacking the power to perform
284,Agency,agency,high,"['the agency of providence', 'she has free agency']",WordNet,agency.n.03,the state of being in action or exerting power
285,Agency,confident,high,"['a confident speaker', 'a confident reply', 'his manner is more confident these days', 'confident of fulfillment']",WordNet,confident.a.01,having or marked by confidence or assurance
286,Agency,diffident,low,"[""she was diffident when offering a comment on the professor\'s lecture""]",WordNet,diffident.s.01,showing modest reserve
287,Agency,confidence,high,"['his confidence in his superiority did not make him popular', 'after that failure he lost his confidence', 'she spoke with confidence']",WordNet,assurance.n.01,freedom from doubt; belief in yourself and your abilities
288,Agency,doubt,low,"['a feeling of doubt and uncertainty', ' There is no doubt at all that we did the right thing', 'New evidence has cast doubt on the guilt of the man jailed for the crime', 'Whether he will continue to be successful in future is open to doubt']",Oxford Learner's Dictionary,doubt.n.01,the state of being unsure of something
289,Agency,fear,low,"['I suddenly felt gripped by fear.', 'Terror attacks are a tool to instil fear in the public.', 'The child was shaking with fear.']",Oxford Learner's Dictionary,fear.n.01,an emotion experienced in anticipation of some specific pain or danger (usually accompanied by a desire to flee or fight)
290,Agency,fear,low,"['fear had aged him', 'they hushed it up out of fear of public reaction']",WordNet,concern.n.02,an anxious feeling
291,Agency,fearlessness,high,['you showed complete fearlessness in the face of danger.'],Oxford Learner's Dictionary,fearlessness.n.01,feeling no fear
292,Agency,fearlessness,high,"['their fearlessness in the face of the enemy', 'You need a certain fearlessness to challenge the government']",Cambridge Dictionary,fearlessness.n.02,the trait of feeling no fear
293,Agency,assertiveness,high,['an assertiveness training course'],WordNet,assertiveness.n.01,aggressive self-assurance; given to making bold assertions
294,Agency,unassertiveness,low,['How Assertiveness and Unassertiveness Abilities Are Associated With Extraversion and Agreeableness'],Books and Articles,unassertiveness.n.01,diffidence about self promotion
295,Agency,assertive,high,"['an energetic assertive boy who was always ready to argue', 'pointing directly at a listener is an assertive act']",WordNet,assertive.a.01,aggressively self-assured
296,Agency,unassertive,high,['a shy unassertive person'],WordNet,unassertive.a.01,inclined to timidity or lack of self-confidence
297,Agency,secure,high,['he was secure that nothing will be held against him'],WordNet,secure.a.01,free from fear or doubt; easy in mind
298,Agency,insecure,low,['an insecure person lacking mental stability'],WordNet,insecure.a.03,lacking self-confidence or assurance
299,Agency,lazy,low,"['lazy kings under whose rule the country languished', 'a lazy hanger-on', 'too lazy to wash the dishes', 'lazy idle youth', 'lazy employees', 'the unemployed are not necessarily lazy']",WordNet,faineant.s.01,disinclined to work or exertion
300,Agency,striver,high,"['Tory was known to be an extremely striver, often taking on large workloads']",Cambridge Dictionary,slave.n.02,someone who works as hard as a slave
301,Agency,active,high,"['a director who takes an active interest in corporate operations', 'an active antagonism', 'he was active in drawing attention to their grievances']",WordNet,active.a.03,disposed to take action or effectuate change
302,Agency,active,high,"['an active toddler', 'active as a gazelle', 'an active man is a man of action']",WordNet,active.a.05,characterized by energetic activity
303,Agency,inactive,low,['much benevolence of the inactive order may be traced to a disinclination to inflict pain upon oneself'],WordNet,passive.a.01,lacking in energy or will; - George Meredith
304,Agency,inactive,low,"['inactive reserve', 'an inactive member']",WordNet,inactive.a.08,not engaged in full-time work
305,Agency,inactive,low,"['illness forced him to live an inactive life', 'dreamy and inactive by nature']",WordNet,inactive.a.09,not active physically or mentally
306,Agency,determined,high,['a struggle against a determined enemy'],WordNet,determined.s.01,characterized by great determination
307,Agency,doubtful,low,"['they were doubtful that the cord would hold', 'it was doubtful whether she would be admitted', 'doubtful about agreeing to go']",WordNet,doubtful.s.02,fraught with uncertainty or doubt
308,Agency,independent,high,"['an independent mind', 'a series of independent judgments', 'fiercely independent individualism']",WordNet,independent.a.01,free from external control and constraint
309,Agency,dependent,low,"['dependent children', 'dependent on moisture']",WordNet,dependent.a.01,"relying on or requiring a person or thing for support, supply, or what is needed"
310,Agency,persistent,high,"['persistent persistence', 'persistent determination', 'the most vocal and persistent of all the critics', 'a mind not gifted to discover truth but persistent to hold it', 'men persistent of opinion']",WordNet,dogged.s.01,stubbornly unyielding; ; ; ; - T.S.Eliot
311,Agency,sporadic,low,['a city subjected to sporadic bombing raids'],WordNet,sporadic.a.01,recurring in scattered and irregular or unpredictable instances
312,Agency,persistence,high,['His persistence was finally rewarded when the insurance company agreed to pay for the damage'],Oxford Learner's Dictionary,continuity.n.03,the property of a continuous and connected period of time
313,Agency,apathy,low,"['Such attitudes can only lead to apathy', 'a general apathy towards politics']",Oxford Learner's Dictionary,apathy.n.01,an absence of emotion or enthusiasm
314,Agency,apathy,low,"['There is a growing sense of apathy among teens and a feeling that there are no opportunities, he said', 'Whether it would in fact lead people to such passivity and apathy is another question, more psychological than purely rational or logical']",Cambridge Dictionary,apathy.n.02,the trait of lacking enthusiasm for or interest in things generally
315,Agency,striving,high,['our striving for perfection'],Oxford Learner's Dictionary,striving.n.01,an effortful attempt to attain a goal
316,Agency,industrious,high,"['With an industrious spirit, I dedicated long hours and put forth great effort to promote my enterprise, striving for its success with unwavering determination.']",Oxford Learner's Dictionary,hardworking.s.01,characterized by hard work and perseverance
317,Agency,industrious,high,"['an industrious worker', 'She\'s extremely competent and industrious']",Cambridge Dictionary,energetic.s.02,working hard to promote an enterprise
318,Agency,unenterprising,low,"['He was lazy and unenterprising, and expected jobs to just fly in through the window', 'London can be the loneliest place on earth if you are too shy or too unenterprising to make friends']",Cambridge Dictionary,unenterprising.a.01,lacking in enterprise; not bold or venturesome
319,Agency,negligent,low,"['negligent parents', 'negligent of detail', 'negligent in his correspondence']",WordNet,negligent.a.01,characterized by neglect and undue lack of concern
320,Agency,energetic,high,"['an energetic fund raiser for the college', 'an energetic group of hikers', 'it caused an energetic chemical reaction']",Oxford Learner's Dictionary,energetic.a.01,possessing or exerting or displaying energy
321,Agency,lethargic,low,['bullfrogs became lethargic with the first cold nights'],WordNet,lethargic.a.01,deficient in alertness or activity
322,Agency,self-confident,high,['hardly more than a boy but firm-knit and self-confident'],WordNet,self-assured.s.01,showing poise and confidence in your own worth
323,Agency,ambitious,high,"['a fiercely ambitious young manager', 'I\'m not ambitious enough to try for the top.', 'Several interns will be working on three ambitious new projects.']",Oxford Learner's Dictionary,ambitious.a.01,having a strong desire for success or achievement
324,Agency,unambitious,low,['an unambitious person'],Oxford Learner's Dictionary,unambitious.a.01,having little desire for success or achievement
325,Agency,self-reliant,high,['teaching children to be practical and self-reliant'],Oxford Learner's Dictionary,autonomous.s.03,(of persons) free from external control and constraint in e.g. action and judgment
326,Agency,dedicated,high,"['a dedicated dancer', 'dedicated teachers', 'dedicated to the proposition that all men are created equal']",WordNet,dedicated.a.01,devoted to a cause or ideal or purpose; ; ; - A.Lincoln
327,Agency,undedicated,low,['the playground has been completed but is still undedicated'],WordNet,undedicated.a.01,not dedicated
328,Agency,cautious,low,"['reserved and cautious; never making swift decisions', 'a cautious driver']",WordNet,cautious.a.01,showing careful forethought
329,Agency,impulsive,high,['letting him borrow her car was an impulsive act that she immediately regretted'],WordNet,impulsive.s.02,without forethought
330,Agency,impulsive,high,"['a impulsive personal ambition', 'the impulsive force was his innate enthusiasm', 'an impulsive force']",WordNet,driving.s.01,having the power of driving or impelling
331,Agency,wavering,low,"['It\'s the party\'s last attempt to persuade some of the nation\'s wavering voters to support them', 'He claimed the president was weak and wavering']",Cambridge Dictionary,vacillant.s.01,uncertain in purpose or action
332,Agency,resolute,high,"['stood resolute against the enemy', 'faced with a resolute opposition', 'a resolute and unshakeable faith']",WordNet,resolute.a.01,firm in purpose or belief; characterized by firmness and determination
333,Agency,resolute,high,['his reply was resolute'],WordNet,unhesitating.s.01,characterized by quickness and firmness
334,Agency,daring,high,"['daring visions of the total conquest of space', 'an daring interpretation of two jacobean dramas', 'the most daring of contemporary fiction writers', 'a daring investor', 'a daring spirit']",WordNet,audacious.s.03,disposed to venture or take risks
335,Agency,unadventurous,low,"['He was often criticized for his unadventurous tactics', 'I find her books repetitive and unadventurous']",Cambridge Dictionary,unadventurous.a.01,lacking in boldness
336,Agency,conscientious,high,"['conscientious application to the work at hand', 'conscientious research', 'conscientious attention to details']",WordNet,conscientious.s.01,characterized by extreme care and great effort
337,Agency,careless,low,"['careless about her clothes', 'forgotten by some careless person', 'a careless housekeeper', 'careless proofreading', 'it was a careless mistake', 'hurt by a careless remark']",WordNet,careless.a.01,marked by lack of attention or consideration or forethought or thoroughness; not careful
338,Agency,motivated,high,"['a highly motivated child can learn almost anything', 'a group of politically motivated men']",WordNet,motivated.a.01,provided with a motive or given incentive for action
339,Agency,unmotivated,low,['unmotivated students'],Oxford Learner's Dictionary,unmotivated.a.01,without motivation
340,Agency,meticulous,high,"['meticulous research', 'meticulous in his attention to rules of etiquette']",WordNet,meticulous.s.01,marked by precise accordance with details
341,Agency,meticulous,high,"['a meticulous craftsman', 'almost worryingly meticulous in his business formalities']",WordNet,meticulous.s.02,marked by extreme care in treatment of details
342,Agency,resilient,high,"['a remarkably resilient woman', 'These plants are very resilient to rough handling', 'He\'ll get over it, young people are amazingly resilient.']",Oxford Learner's Dictionary,resilient.s.01,"recovering readily from adversity, depression, or the like"
343,Agency,nonresilient,low,['a nonresilient old person'],Oxford Learner's Dictionary,nonresilient.s.01,not resilient
344,Agency,spiritless,low,['a spiritless reply to criticism'],WordNet,spiritless.a.01,lacking ardor or vigor or energy
345,Agency,unwavering,high,"['unwavering convictions', 'a unwavering mouth', 'unwavering resolve', 'a man of unwavering perseverence', 'unwavering loyalty']",WordNet,firm.s.01,marked by firm determination or resolution; not shakable
346,Agency,anxious,low,"['spent an anxious night waiting for the test results', 'cast anxious glances behind her', 'those anxious moments before takeoff', 'an anxious mind']",WordNet,anxious.s.02,causing or fraught with or showing anxiety
347,Agency,untroubled,high,"['seemed untroubled by doubts of any kind', 'untroubled sleep', 'a kind untroubled face']",WordNet,untroubled.a.01,not beset by troubles or disturbance or distress
348,Agency,autonomous,high,['teachers aim to help children become autonomous learners'],Oxford Learner's Dictionary,autonomous.s.03,(of persons) free from external control and constraint in e.g. action and judgment
349,Agency,helpless,low,"['lying ill and helpless', 'helpless with laughter']",WordNet,helpless.s.01,lacking in or deprived of strength or power
350,Agency,helpless,low,"['Children are the most helpless victims of war', 'Kirk stood helpless before this giant of a man', 'She was helpless against the strength of the wind']",Oxford Learner's Dictionary,helpless.s.02,unable to function; without help
351,Agency,dominated,low,"['You dominated the conversation', 'As a child you were dominated by your father.',  'The insurance market is totally dominated by the private pension organizations.']",Oxford Learner's Dictionary,dominated.s.01,controlled or ruled by superior authority or power
352,Agency,dominating,high,"['the economically dominating class', 'd-day is considered the dominating event of the war in europe']",WordNet,ascendant.s.02,most powerful or important or influential
353,Agency,dominant,high,"['television plays a dominant role in molding public opinion', 'the dominant partner in the marriage']",WordNet,dominant.a.01,exercising influence or control
354,Agency,dominance,high,['her apparent dominance of her husband was really her attempt to make him pay attention to her'],WordNet,dominance.n.02,the state that exists when one person or group has power over another
355,Agency,submissive,low,"['submissive servants', 'a submissive reply', 'replacing troublemakers with more submissive people']",WordNet,submissive.a.01,inclined or willing to submit to orders or wishes of others or showing such inclination
356,Agency,submissive,low,"['submissive devotion to her job ruled her life', 'a submissive yes-man to the party bosses', 'she has become submissive and subservient']",WordNet,slavish.s.02,abjectly submissive; characteristic of a slave or servant; ; - S.H.Adams
357,Agency,submission,low,"['The emperor demanded total submission from his subjects', 'They bombed the town into submission', 'the patient\'s submission to the demands of the hospital']",Oxford Learner's Dictionary,submission.n.02,the act of submitting; usually surrendering power to another
358,Agency,submission,low,"['the union was brought into submission', 'his submission to the will of god']",WordNet,submission.n.03,the condition of having submitted to control by someone or something else
359,Agency,meek,low,"['meek obedience', 'meek as a mouse']",WordNet,meek.s.02,very docile; ; - Langston Hughes
360,Agency,meek,low,"['compliant and meek to suit his opinions of those of others', 'a fine fiery blast against meek conformity', 'she looked meek but had the heart of a lion', 'was submissive and meek']",WordNet,meek.s.03,evidencing little spirit or courage; overly submissive or compliant; ; - Orville Prescott
361,Agency,vulnerable,low,['a vulnerable bridge'],WordNet,vulnerable.a.01,susceptible to attack
362,Agency,aggressive,high,"['an aggressive businessman', 'an aggressive basketball player', 'he was aggressive and imperious; positive in his convictions', 'aggressive drivers']",WordNet,aggressive.a.01,having or showing determination and energetic pursuit of your ends
363,Agency,aggressive,high,"['aggressive acts against another country', 'an aggressive tone']",WordNet,aggressive.s.03,characteristic of an enemy or one eager to fight
364,Agency,docile,low,['the docile masses of an enslaved nation'],WordNet,docile.a.01,willing to be taught or led or supervised or directed
365,Status,status,high,"['he had the status of a minor', 'the novel attained the status of a classic', 'atheists do not enjoy a favorable status in american life']",WordNet,status.n.01,the relative position or standing of things or especially persons in a society
366,Status,poor,low,['the urban poor need assistance'],WordNet,poor_people.n.01,people without possessions or wealth (considered as a group)
367,Status,poor,low,"['deplored the gap between rich and poor countries', 'the proverbial poor artist living in a garret']",WordNet,poor.a.02,having little money or few possessions
368,Status,wealthy,high,"['an wealthy banker', 'a wealthy flush with cash', 'not merely wealthy but loaded', 'wealthy aristocrats', 'wealthy corporations']",WordNet,affluent.s.01,having an abundant supply of money or possessions of value
369,Status,rich,high,['only the very rich benefit from this legislation'],WordNet,rich_people.n.01,people who have possessions and wealth (considered as a group)
370,Status,rich,high,"['her father is extremely rich', 'many fond hopes are pinned on rich uncles']",WordNet,rich.a.01,possessing material wealth
371,Status,powerful,high,"['the most powerful government in western europe', 'his powerful arms', 'a powerful bomb', ""the horse's powerful kick"", 'powerful drugs', 'a powerful argument']",WordNet,powerful.a.01,having great power or force or potency or effect
372,Status,powerful,high,['a powerful blow'],WordNet,knock-down.s.01,strong enough to knock down or overwhelm
373,Status,powerless,low,"['When the enemy attacked, we were completely powerless against them', 'As children we all feel powerless']",Oxford Learner's Dictionary,powerless.a.01,lacking power
374,Status,power,high,"['the deterrent power of nuclear weapons', 'the power of his love saved her', 'his power fulness was concealed by a gentle facade']",WordNet,power.n.01,possession of controlling influence
375,Status,poverty,low,"['conditions of extreme poverty', 'Many elderly people live in poverty.', 'a plan to eradicate urban poverty']",Oxford Learner's Dictionary,poverty.n.01,the state of having little or no money and few or no material possessions
376,Status,wealth,high,['great wealth is not a sign of great intelligence'],WordNet,wealth.n.01,the state of being rich and affluent; having a plentiful supply of material goods and money
377,Status,superior,high,['this model is technically superior to its competitors'],WordNet,superior.n.01,one of greater rank or station or quality
378,Status,superior,high,['a superior ruler'],Oxford Learner's Dictionary,superior.a.02,of or characteristic of high rank or importance
379,Status,inferior,low,"['of inferior quality', 'The cracks in the structure were due to the poor-quality materials and inferior workmanship.', 'These later paintings are slightly inferior in value.']",Oxford Learner's Dictionary,inferior.n.01,one of lesser rank or station or quality
380,Status,inferior,low,"[ 'Her obvious popularity made me feel inferior.', 'His later work was vastly inferior to his early work', 'Women are often regarded as inferior.']",Oxford Learner's Dictionary,inferior.a.01,of or characteristic of low rank or importance
381,Status,prestigious,high,"['our prestigious leader', 'a prestigious author']",WordNet,esteemed.s.01,having an illustrious reputation; respected
382,Status,prestigious,high,['a prestigious professor at a prestigious university'],WordNet,prestigious.s.02,exerting influence by reason of high status or prestige
383,Status,prestige,high,['he wanted to achieve power and prestige'],WordNet,prestige.n.01,a high standing achieved through success or influence or wealth etc.
384,Status,influential,high,"['an influential newspaper', 'influential leadership for peace']",WordNet,influential.a.01,having or exercising influence or power
385,Status,uninfluential,low,"['Despite his extensive knowledge and passion, his opinions remained uninfluential in the decision-making process.']",Oxford Learner's Dictionary,uninfluential.a.01,not influential
386,Status,successful,high,"['a successful architect', 'a successful business venture']",WordNet,successful.a.01,having succeeded or being marked by a favorable outcome
387,Status,unsuccessful,low,"['they were unsuccessful in meeting their objectives for the year.', 'Unsuccessful applicants will be informed by post.', 'The secret service had been remarkably unsuccessful at catching spies.']",Oxford Learner's Dictionary,unsuccessful.a.01,not successful; having failed or having an unfavorable outcome
388,Status,important,high,"['important people', 'the important questions of the day']",WordNet,important.a.01,of great significance or value
389,Status,important,high,"['an important official', ""the captain\'s important manner""]",WordNet,authoritative.s.01,having authority or ascendancy or influence
390,Status,insignificant,low,['insignificant sounds'],WordNet,insignificant.s.02,signifying nothing
391,Status,insignificant,low,"['a minor, insignificant bureaucrat', 'insignificant politicians']",WordNet,insignificant.s.03,of little importance or influence or power; of minor status
392,Status,insignificant,low,"['an insignificant difference', 'The levels of chemicals in the river are not insignificant']",Oxford Learner's Dictionary,insignificant.a.04,"devoid of importance, meaning, or force"
393,Status,resourceful,high,"['someone who is resourceful is capable of dealing with difficult situations', 'an able and resourceful politician', 'the most resourceful cook in town']",WordNet,resourceful.s.01,having inner resources; adroit or imaginative
394,Status,eminent,high,"['people in eminent places', 'the eminent priest', 'eminent members of the community']",WordNet,eminent.s.01,standing above others in quality or position
395,Status,eminent,high,"['an eminent peak', 'eminent mountains', 'the eminent spires of the cathedral', 'eminent icebergs']",WordNet,eminent.s.02,of imposing height; especially standing out above others
396,Status,low,low,"['a low cottage', 'a low parish priest', 'a low man of the people', 'low beginnings']",WordNet,humble.s.01,low or inferior in station or quality
397,Status,respected,high,['a respected family'],WordNet,respected.s.01,receiving deferential regard
398,Status,disreputable,low,"['She spent the evening with her disreputable brother Stefan', 'a disreputable area of the city', 'This approach remains intellectually disreputable even now']",Oxford Learner's Dictionary,disreputable.a.01,lacking respectability in character or behavior or appearance
399,Politics,traditional,high,"['traditional history', 'traditional morality']",WordNet,traditional.a.01,consisting of or derived from tradition
400,Politics,traditional,high,['the simple security of traditional assumptions has vanished'],WordNet,traditional.s.02,pertaining to time-honored orthodox doctrines
401,Politics,modern,low,"['modern art', 'modern furniture', 'modern history', 'totem poles are modern rather than prehistoric']",WordNet,modern.a.01,belonging to the modern era; since the Middle Ages
402,Politics,modern,low,"['the modern teaching methods', 'had modern views on the subject', 'a modern corporation', 'is British industry modern enough?']",WordNet,modern.s.03,characteristic of present-day art and music and literature and architecture
403,Politics,modern,low,"['modern society', 'In modern times, advances in technology have made the world smaller', 'the wonders of modern science', 'the modern industrial world']",Oxford Learner's Dictionary,advanced.s.03,ahead of the times
404,Politics,modern,low,"['modern english', 'modern hebrew is israeli hebrew']",WordNet,modern.s.05,used of a living language; being the current stage in its development
405,Politics,conventional,high,"['conventional wisdom', 'she had strayed from the path of conventional behavior', 'conventional forms of address']",Oxford Learner's Dictionary,conventional.a.01,following accepted customs and proprieties
406,Politics,conventional,high,['a conventional view of the world'],Oxford Learner's Dictionary,conventional.s.02,conforming with accepted standards
407,Politics,conventional,high,"['conventional bourgeois lives', 'conventional attitudes']",WordNet,conventional.a.04,unimaginative and conformist
408,Politics,conventional,high,"['a conventional church wedding with the bride in traditional white', 'the conventional handshake']",WordNet,conventional.s.06,in accord with or being a tradition or practice accepted from the past
409,Politics,unconventional,low,['her unconventional dress and hair style'],WordNet,unconventional.a.01,not conforming to accepted rules or standards
410,Politics,unconventional,low,['unconventional life styles'],WordNet,unconventional.a.02,not conventional or conformist
411,Politics,alternative,low,['an alternative life style'],WordNet,alternative.s.03,pertaining to unconventional choices
412,Politics,conservative,high,['The former Texas Supreme Court Justice\'s moderate record has angered a hard-line conservative for years.'],Oxford Learner's Dictionary,conservative.n.01,a person who is reluctant to accept changes and new ideas
413,Politics,conservative,high,"[ 'music which is accessible to an audience with extremely conservative tastes', 'a traditionally conservative profession']",WordNet,conservative.a.01,resistant to change
414,Politics,conservative,high,"['the conservative views of his parents', 'a fundamentally conservative political outlook']",WordNet,conservative.s.02,having social or political views favoring conservatism
415,Politics,liberal,low,"[' the liberal wasted no time in celebrating the right-winger\'s defeat.', 'an outspoken liberal and supporter of workers\' rights.']",Oxford Learner's Dictionary,liberal.n.01,a person who favors a political philosophy of progress and reform and the protection of civil liberties
416,Politics,liberal,low,"['a liberal political stance', 'generous and liberal sympathies', 'a liberal newspaper']",WordNet,broad.s.08,showing or characterized by broad-mindedness
417,Politics,liberal,low,"['Some politicians want more liberal trade relations with Europe.', 'a broadly liberal set of policies']",Oxford Learner's Dictionary,liberal.s.02,having political or social views favoring reform and progress
418,Politics,liberal,low,"['The liberal approach embraces openness to change and rejects rigid adherence to authoritarianism, orthodoxy, or tradition.']",Oxford Learner's Dictionary,liberal.a.03,"tolerant of change; not bound by authoritarianism, orthodoxy, or tradition"
419,Politics,democrat,low,['democrat is a member or supporter of the Democratic Party '],Oxford Learner's Dictionary,democrat.n.01,a member of the Democratic Party
420,Politics,republican,high,['republican is a member or supporter of the Republican Party'],Oxford Learner's Dictionary,republican.n.01,a member of the Republican Party
421,Politics,progressive,low,"['As a liberal, they advocated for progressive policies, championing social justice, civil liberties, and meaningful reforms to address societal issues.']",Oxford Learner's Dictionary,liberal.n.01,a person who favors a political philosophy of progress and reform and the protection of civil liberties
422,Politics,progressive,low,['progressive schools'],WordNet,progressive.a.01,favoring or promoting progress
423,Politics,progressive,low,['Are you in favour of progressive teaching methods?'],Oxford Learner's Dictionary,progressive.s.02,favoring or promoting reform (often by government action)
424,Politics,narrow-minded,high,"['a brilliant but narrow-minded judge', 'narrow-minded opinions']",WordNet,narrow-minded.a.02,lacking tolerance or flexibility or breadth of view
425,Politics,narrow-minded,high,"['Due to my narrow-minded beliefs, I was unwilling to consider viewpoints outside of my own sect\'s doctrines, showing little tolerance for alternative perspectives.']",Oxford Learner's Dictionary,narrow-minded.s.03,rigidly adhering to a particular sect or its doctrines
426,Politics,open-minded,low,"['an open-minded curiosity', 'open-minded impartiality']",WordNet,open-minded.s.01,ready to entertain new ideas
427,Religion,religion,high,['he lost his religion but not his morality'],WordNet,religion.n.01,a strong belief in a supernatural power or powers that control human destiny
428,Religion,religion,high,"['he was raised in the baptist religion', 'a member of his own religion contradicted him']",WordNet,religion.n.02,an institution to express belief in a divine power
429,Religion,irreligion,low,['Their irreligion was apparent in their disregard for religious rituals and their overall lack of devotion to any specific faith.'],Oxford Learner's Dictionary,irreligiousness.n.01,the quality of not being devout
430,Religion,religious,high,"['religious texts', 'a member of a religious order', 'lords temporal and religious', 'religious leaders', 'religious songs']",WordNet,religious.s.01,concerned with sacred matters or religion or the church
431,Religion,religious,high,"['a religious man', 'religious attitude']",WordNet,religious.a.02,having or showing belief in and reverence for a deity
432,Religion,religious,high,['the religious or regular clergy conducts the service'],WordNet,religious.a.03,of or relating to clergy bound by monastic vows
433,Religion,profane,low,"['sacred and profane music', 'profane drama', 'profane architecture', 'children being brought up in an entirely profane environment']",WordNet,profane.a.02,"not concerned with or devoted to religion; ; ; ,"
434,Religion,irreligious,low,['Their irreligious stance was evident in their indifference towards religious practices and their lack of interest in matters of faith.'],Oxford Learner's Dictionary,irreligious.a.01,hostile or indifferent to religion
435,Religion,secular,low,['We live in a largely secular society not connected with spiritual or religious matters'],Oxford Learner's Dictionary,secular.a.01,of or relating to the doctrine that rejects religion and religious considerations
436,Religion,christian,high,['christian rites'],WordNet,christian.a.01,relating to or characteristic of Christianity
437,Religion,muslim,high,['a Muslim family'],Oxford Learner's Dictionary,muslim.n.01,a believer in or follower of Islam
438,Religion,muslim,high,['muslim art'],WordNet,muslim.a.01,of or relating to or supporting Islamism
439,Religion,jew,high,"['He was born a Jew in 1st-century Palestine', 'His family are all observant Jew']",Oxford Learner's Dictionary,jew.n.01,a person belonging to the worldwide group claiming descent from Jacob (or converted to it) and connected by cultural or religious ties
440,Religion,jewish,high,"['he is jewish', 'a jewish wedding']",WordNet,jewish.a.01,of or relating to Jews or their culture or religion
441,Religion,hindu,high,['the hindu faith'],WordNet,hindu.a.01,of or relating to or supporting Hinduism
442,Religion,believer,high,"['As devout believer, they found solace and strength in their religious faith during challenging times.']",Oxford Learner's Dictionary,believer.n.02,a person who has religious faith
443,Religion,belief,high,"['The incident has shaken my belief', 'They share a belief that there is life after death']",Oxford Learner's Dictionary,belief.n.01,any cognitive content held as true
444,Religion,belief,high,"['his belief of her was favorable', 'what are your belief about the crisis?', 'it strengthened my belief in his sincerity', 'i had a belief that she was lying']",WordNet,impression.n.01,a vague idea in which some confidence is placed
445,Religion,christianity,high,['Christianity spread rapidly in the first century'],Oxford Learner's Dictionary,christianity.n.01,a monotheistic system of beliefs and practices based on the Old Testament and the teachings of Jesus as embodied in the New Testament and emphasizing the role of Jesus as savior
446,Religion,church,high,"['The Catholic Church teaches that life begins at conception', 'Linda joined the local Methodist church']",WordNet,church.n.01,one of the groups of Christians who have their own beliefs and forms of worship
447,Religion,god,high,"['Christians believe that Jesus is the Son of god', 'He saw the accident as the will of God.', 'Nothing ever shook her faith in God']",Oxford Learner's Dictionary,god.n.01,the supernatural being conceived as the perfect and omnipotent and omniscient originator and ruler of the universe; the object of worship in monotheistic religions
448,Religion,god-fearing,high,['a god-fearing and law-abiding people'],WordNet,devout.s.01,deeply religious;  H.L.Mencken
449,Religion,atheist,low,['atheist leanings'],WordNet,atheist.a.01,related to or characterized by or given to atheism
450,Religion,nonbeliever,low,['an effort to convert the nonbeliever' ],Oxford Learner's Dictionary,disbeliever.n.01,someone who refuses to believe (as in a divinity)
451,Religion,skeptic,low,"['I am a born skeptic.', 'He was unable to convince the skeptic s in the audience']",Oxford Learner's Dictionary,skeptic.n.01,someone who habitually doubts accepted beliefs
452,Religion,skeptical,low,['a skeptical approach to the nature of miracles'],WordNet,disbelieving.s.01,denying or questioning the tenets of especially a religion
453,Religion,agnostic,low,"['Although he was raised a Catholic, he was an agnostic for most of his adult life', 'The group includes atheists and agnostic s as well as religious believers', 'He is agnostic on the existence of God']",Cambridge Dictionary,agnostic.a.01,of or pertaining to an agnostic or agnosticism
454,Religion,agnostic,low,"['Being  agnostic, they remained uncertain about the existence of God, acknowledging the limitations of human knowledge on such matters.']",Oxford Learner's Dictionary,agnostic.n.02,a person who claims that they cannot have true knowledge about the existence of God (but does not deny that God might exist)
